user_id,name,email
1,Usuario_1,usuario1@correo.com
2,Usuario_2,usuario2@correo.com
3,Usuario_3,usuario3@correo.com
4,Usuario_4,usuario4@correo.com
5,Usuario_5,usuario5@correo.com
6,Usuario_6,usuario6@correo.com
7,Usuario_7,usuario7@correo.com
8,Usuario_8,usuario8@correo.com
9,Usuario_9,usuario9@correo.com
10,Usuario_10,usuario10@correo.com
11,Usuario_11,usuario11@correo.com
12,Usuario_12,usuario12@correo.com
13,Usuario_13,usuario13@correo.com
14,Usuario_14,usuario14@correo.com
15,Usuario_15,usuario15@correo.com
